{
	"$schema": "https://schemas.wp.org/wp/6.7/theme.json",
	"customTemplates": [],
	"patterns": [
		"three-columns-and-random-image",
		"video-and-text",
		"three-grid-post-and-image",
		"six-column-post",
		"features-and-post-grid-layout"
	],
	"settings": {
		"appearanceTools": true,
		"color": {
			"defaultGradients": false,
			"defaultPalette": false,
			"palette": [
				{
					"color": "#ffffff",
					"name": "Base",
					"slug": "base"
				},
				{
					"color": "#2a2a2a",
					"name": "Contrast",
					"slug": "contrast"
				},
				{
					"color": "#ac3e43",
					"name": "Accent 1",
					"slug": "accent-1"
				},
				{
					"color": "#348d34",
					"name": "Accent 2",
					"slug": "accent-2"
				}
			]
		},
		"layout": {
			"contentSize": "1100px",
			"wideSize": "1400px"
		},
		"typography": {
			"customFontSize": false,
			"defaultFontSizes": false,
			"dropCap": false,
			"fontFamilies": [
				{
					"fontFace": [
						{
							"fontFamily": "Zain",
							"fontStyle": "normal",
							"fontWeight": "200",
							"src": [
								"file:./assets/fonts/zain/zain-200.woff2"
							]
						},
						{
							"fontFamily": "Zain",
							"fontStyle": "normal",
							"fontWeight": "300",
							"src": [
								"file:./assets/fonts/zain/zain-300.woff2"
							]
						},
						{
							"fontFamily": "Zain",
							"fontStyle": "normal",
							"fontWeight": "400",
							"src": [
								"file:./assets/fonts/zain/zain-400.woff2"
							]
						},
						{
							"fontFamily": "Zain",
							"fontStyle": "normal",
							"fontWeight": "700",
							"src": [
								"file:./assets/fonts/zain/zain-700.woff2"
							]
						},
						{
							"fontFamily": "Zain",
							"fontStyle": "normal",
							"fontWeight": "800",
							"src": [
								"file:./assets/fonts/zain/zain-800.woff2"
							]
						},
						{
							"fontFamily": "Zain",
							"fontStyle": "normal",
							"fontWeight": "900",
							"src": [
								"file:./assets/fonts/zain/zain-900.woff2"
							]
						},
						{
							"fontFamily": "Zain",
							"fontStyle": "italic",
							"fontWeight": "300",
							"src": [
								"file:./assets/fonts/zain/zain-italic-300.woff2"
							]
						},
						{
							"fontFamily": "Zain",
							"fontStyle": "italic",
							"fontWeight": "400",
							"src": [
								"file:./assets/fonts/zain/zain-italic-400.woff2"
							]
						}
					],
					"fontFamily": "Zain",
					"name": "Zain",
					"slug": "zain"
				}
			],
			"fontSizes": [
				{
					"name": "XS",
					"size": "0.8rem",
					"slug": "extra-small"
				},
				{
					"name": "S",
					"size": "0.9rem",
					"slug": "small"
				},
				{
					"name": "Regular",
					"size": "1rem",
					"slug": "regular"
				},
				{
					"name": "L",
					"size": "1.5rem",
					"slug": "large"
				},
				{
					"name": "XL",
					"size": "2.5rem",
					"slug": "extra-large"
				},
				{
					"name": "XXL",
					"size": "3.5rem",
					"slug": "extra-extra-large"
				}
			],
			"fontWeight": true,
			"letterSpacing": false,
			"textDecoration": false,
			"textTransform": false,
			"writingMode": false
		},
		"useRootPaddingAwareAlignments": true
	},
	"styles": {
		"blocks": {
			"core/group": {
				"css": "& .taxonomy-category a {text-decoration: none}"
			},
			"core/navigation": {
				"css": "& a:hover span{color: var(--wp--preset--color--accent-1);}"
			}
		},
		"spacing": {
			"padding": {
				"bottom": "0",
				"left": "10px",
				"right": "10px",
				"top": "0"
			}
		},
		"typography": {
			"fontFamily": "Zain, sans-serif"
		}
	},
	"templateParts": [
		{
			"area": "header",
			"name": "header",
			"title": "Header"
		},
		{
			"area": "footer",
			"name": "footer",
			"title": "Footer"
		}
	],
	"version": 3
}